<?xml version="1.0" encoding="UTF-8"?>
<project-private xmlns="http://www.netbeans.org/ns/project-private/1">
    <editor-bookmarks xmlns="http://www.netbeans.org/ns/editor-bookmarks/2" lastBookmarkId="0"/>
    <open-files xmlns="http://www.netbeans.org/ns/projectui-open-files/2">
        <group>
            <file>file:/G:/workspace/panxing1.8/demo/src/com/dysy/demo/beans/Customer.java</file>
            <file>file:/G:/workspace/panxing1.8/demo/src/com/dysy/demo/beans/AccountTypeEnum.java</file>
            <file>file:/G:/workspace/panxing1.8/demo/src/com/dysy/demo/beans/CustomerOperation.java</file>
            <file>file:/G:/workspace/panxing1.8/demo/src/com/dysy/demo/dataload/FileReaderAndWrite.java</file>
            <file>file:/G:/workspace/panxing1.8/demo/src/com/dysy/demo/beans/TransTypeEnum.java</file>
            <file>file:/G:/workspace/panxing1.8/demo/src/com/dysy/demo/beans/Transaction.java</file>
            <file>file:/G:/workspace/panxing1.8/demo/src/MainTest/TransMainTest.java</file>
            <file>file:/G:/workspace/panxing1.8/demo/src/com/dysy/demo/beans/Account.java</file>
            <file>file:/G:/workspace/panxing1.8/demo/src/com/dysy/demo/beans/DebitAccount.java</file>
            <file>file:/G:/workspace/panxing1.8/demo/src/com/dysy/demo/jframe/TransactionPanel.java</file>
            <file>file:/G:/workspace/panxing1.8/demo/src/com/dysy/demo/jframe/CustomerPanel.java</file>
        </group>
    </open-files>
</project-private>
